{"name":"eb565359-47fd-460e-95df-397e405020b8","id":"/providers/Microsoft.Flow/flows/eb565359-47fd-460e-95df-397e405020b8","type":"Microsoft.Flow/flows","properties":{"apiId":"/providers/Microsoft.PowerApps/apis/shared_logicflows","displayName":"Get SharePoint File","definition":{"metadata":{"workflowEntityId":"1a3994a7-70d8-e911-a812-000d3ad20c0e","creator":{"id":"3f757039-b409-4308-a1cb-1af2c128c9f1","type":"User","tenantId":"0a6eaa71-7cc4-4c2f-9df9-c1132a9ce5e2"},"provisioningMethod":"FromDefinition","failureAlertSubscription":true,"clientLastModifiedTime":"2019-09-16T11:12:04.8082314Z"},"$schema":"https://schema.management.azure.com/providers/Microsoft.Logic/schemas/2016-06-01/workflowdefinition.json#","contentVersion":"1.0.0.0","parameters":{"$connections":{"defaultValue":{},"type":"Object"},"$authentication":{"defaultValue":{},"type":"SecureObject"}},"triggers":{"manual":{"type":"Request","kind":"Http","inputs":{"schema":{},"method":"GET"}}},"actions":{"Get_file_content_using_path":{"runAfter":{},"type":"OpenApiConnection","inputs":{"host":{"apiId":"/providers/Microsoft.PowerApps/apis/shared_sharepointonline","connectionName":"shared_sharepointonline","operationId":"GetFileContentByPath"},"parameters":{"dataset":"@triggerOutputs()?['queries']['spsite']","path":"@triggerOutputs()?['queries']['spfilepath']","inferContentType":true},"authentication":"@parameters('$authentication')"}},"Set_FileContent_to_response":{"runAfter":{"Get_file_content_using_path":["Succeeded"]},"type":"InitializeVariable","inputs":{"variables":[{"name":"FIleContent","type":"Object","value":{"Content":"@{body('Get_file_content_using_path')['$content']}","ContentType":"@{body('Get_file_content_using_path')['$content-type']}"}}]}},"Response":{"runAfter":{"Set_FileContent_to_response":["Succeeded"]},"type":"Response","kind":"Http","inputs":{"statusCode":200,"headers":{"Content-Type":"application/json"},"body":"@variables('FIleContent')"}}},"outputs":{}},"connectionReferences":{"shared_sharepointonline":{"connectionName":"shared-sharepointonl-3809e2e3-45a3-47f7-bf47-50f6e57f7143","source":"Embedded","id":"/providers/Microsoft.PowerApps/apis/shared_sharepointonline","tier":"NotSpecified"}},"flowFailureAlertSubscribed":false}}